insert into cities(name) values('Абакан')/
insert into cities(name) values('Азов')/
insert into cities(name) values('Александров')/
insert into cities(name) values('Алексин')/
insert into cities(name) values('Альметьевск')/
insert into cities(name) values('Анапа')/
insert into cities(name) values('Ангарск')/
insert into cities(name) values('Анжеро-Судженск')/
insert into cities(name) values('Апатиты')/
insert into cities(name) values('Арзамас')/
insert into cities(name) values('Армавир')/
insert into cities(name) values('Арсеньев')/
insert into cities(name) values('Артем')/
insert into cities(name) values('Архангельск')/
insert into cities(name) values('Асбест')/
insert into cities(name) values('Астрахань')/
insert into cities(name) values('Ачинск')/
insert into cities(name) values('Балаково')/
insert into cities(name) values('Балахна')/
insert into cities(name) values('Балашиха')/
insert into cities(name) values('Балашов')/
insert into cities(name) values('Барнаул')/
insert into cities(name) values('Батайск')/
insert into cities(name) values('Белгород')/
insert into cities(name) values('Белебей')/
insert into cities(name) values('Белово')/
insert into cities(name) values('Белогорск (Амурская область)')/
insert into cities(name) values('Белорецк')/
insert into cities(name) values('Белореченск')/
insert into cities(name) values('Бердск')/
insert into cities(name) values('Березники')/
insert into cities(name) values('Березовский (Свердловская область)')/
insert into cities(name) values('Бийск')/
insert into cities(name) values('Биробиджан')/
insert into cities(name) values('Благовещенск (Амурская область)')/
insert into cities(name) values('Бор')/
insert into cities(name) values('Борисоглебск')/
insert into cities(name) values('Боровичи')/
insert into cities(name) values('Братск')/
insert into cities(name) values('Брянск')/
insert into cities(name) values('Бугульма')/
insert into cities(name) values('Буденновск')/
insert into cities(name) values('Бузулук')/
insert into cities(name) values('Буйнакск')/
insert into cities(name) values('Великие Луки')/
insert into cities(name) values('Великий Новгород')/
insert into cities(name) values('Верхняя Пышма')/
insert into cities(name) values('Видное')/
insert into cities(name) values('Владивосток')/
insert into cities(name) values('Владикавказ')/
insert into cities(name) values('Владимир')/
insert into cities(name) values('Волгоград')/
insert into cities(name) values('Волгодонск')/
insert into cities(name) values('Волжск')/
insert into cities(name) values('Волжский')/
insert into cities(name) values('Вологда')/
insert into cities(name) values('Вольск')/
insert into cities(name) values('Воркута')/
insert into cities(name) values('Воронеж')/
insert into cities(name) values('Воскресенск')/
insert into cities(name) values('Воткинск')/
insert into cities(name) values('Всеволожск')/
insert into cities(name) values('Выборг')/
insert into cities(name) values('Выкса')/
insert into cities(name) values('Вязьма')/
insert into cities(name) values('Гатчина')/
insert into cities(name) values('Геленджик')/
insert into cities(name) values('Георгиевск')/
insert into cities(name) values('Глазов')/
insert into cities(name) values('Горно-Алтайск')/
insert into cities(name) values('Грозный')/
insert into cities(name) values('Губкин')/
insert into cities(name) values('Гудермес')/
insert into cities(name) values('Гуково')/
insert into cities(name) values('Гусь-Хрустальный')/
insert into cities(name) values('Дербент')/
insert into cities(name) values('Дзержинск')/
insert into cities(name) values('Димитровград')/
insert into cities(name) values('Дмитров')/
insert into cities(name) values('Долгопрудный')/
insert into cities(name) values('Домодедово')/
insert into cities(name) values('Донской')/
insert into cities(name) values('Дубна')/
insert into cities(name) values('Евпатория')/
insert into cities(name) values('Егорьевск')/
insert into cities(name) values('Ейск')/
insert into cities(name) values('Екатеринбург')/
insert into cities(name) values('Елабуга')/
insert into cities(name) values('Елец')/
insert into cities(name) values('Ессентуки')/
insert into cities(name) values('Железногорск (Красноярский край)')/
insert into cities(name) values('Железногорск (Курская область)')/
insert into cities(name) values('Жигулевск')/
insert into cities(name) values('Жуковский')/
insert into cities(name) values('Заречный')/
insert into cities(name) values('Зеленогорск')/
insert into cities(name) values('Зеленодольск')/
insert into cities(name) values('Златоуст')/
insert into cities(name) values('Иваново')/
insert into cities(name) values('Ивантеевка')/
insert into cities(name) values('Ижевск')/
insert into cities(name) values('Избербаш')/
insert into cities(name) values('Иркутск')/
insert into cities(name) values('Искитим')/
insert into cities(name) values('Ишим')/
insert into cities(name) values('Ишимбай')/
insert into cities(name) values('Йошкар-Ола')/
insert into cities(name) values('Казань')/
insert into cities(name) values('Калининград')/
insert into cities(name) values('Калуга')/
insert into cities(name) values('Каменск-Уральский')/
insert into cities(name) values('Каменск-Шахтинский')/
insert into cities(name) values('Камышин')/
insert into cities(name) values('Канск')/
insert into cities(name) values('Каспийск')/
insert into cities(name) values('Кемерово')/
insert into cities(name) values('Керчь')/
insert into cities(name) values('Кинешма')/
insert into cities(name) values('Кириши')/
insert into cities(name) values('Киров (Кировская область)')/
insert into cities(name) values('Кирово-Чепецк')/
insert into cities(name) values('Киселевск')/
insert into cities(name) values('Кисловодск')/
insert into cities(name) values('Клин')/
insert into cities(name) values('Клинцы')/
insert into cities(name) values('Ковров')/
insert into cities(name) values('Когалым')/
insert into cities(name) values('Коломна')/
insert into cities(name) values('Комсомольск-на-Амуре')/
insert into cities(name) values('Копейск')/
insert into cities(name) values('Королев')/
insert into cities(name) values('Кострома')/
insert into cities(name) values('Котлас')/
insert into cities(name) values('Красногорск')/
insert into cities(name) values('Краснодар')/
insert into cities(name) values('Краснокаменск')/
insert into cities(name) values('Краснокамск')/
insert into cities(name) values('Краснотурьинск')/
insert into cities(name) values('Красноярск')/
insert into cities(name) values('Кропоткин')/
insert into cities(name) values('Крымск')/
insert into cities(name) values('Кстово')/
insert into cities(name) values('Кузнецк')/
insert into cities(name) values('Кумертау')/
insert into cities(name) values('Кунгур')/
insert into cities(name) values('Курган')/
insert into cities(name) values('Курск')/
insert into cities(name) values('Кызыл')/
insert into cities(name) values('Лабинск')/
insert into cities(name) values('Лениногорск')/
insert into cities(name) values('Ленинск-Кузнецкий')/
insert into cities(name) values('Лесосибирск')/
insert into cities(name) values('Липецк')/
insert into cities(name) values('Лиски')/
insert into cities(name) values('Лобня')/
insert into cities(name) values('Лысьва')/
insert into cities(name) values('Лыткарино')/
insert into cities(name) values('Люберцы')/
insert into cities(name) values('Магадан')/
insert into cities(name) values('Магнитогорск')/
insert into cities(name) values('Майкоп')/
insert into cities(name) values('Махачкала')/
insert into cities(name) values('Междуреченск')/
insert into cities(name) values('Мелеуз')/
insert into cities(name) values('Миасс')/
insert into cities(name) values('Минеральные Воды')/
insert into cities(name) values('Минусинск')/
insert into cities(name) values('Михайловка')/
insert into cities(name) values('Михайловск (Ставропольский край)')/
insert into cities(name) values('Мичуринск')/
insert into cities(name) values('Москва')/
insert into cities(name) values('Мурманск')/
insert into cities(name) values('Муром')/
insert into cities(name) values('Мытищи')/
insert into cities(name) values('Набережные Челны')/
insert into cities(name) values('Назарово')/
insert into cities(name) values('Назрань')/
insert into cities(name) values('Нальчик')/
insert into cities(name) values('Наро-Фоминск')/
insert into cities(name) values('Находка')/
insert into cities(name) values('Невинномысск')/
insert into cities(name) values('Нерюнгри')/
insert into cities(name) values('Нефтекамск')/
insert into cities(name) values('Нефтеюганск')/
insert into cities(name) values('Нижневартовск')/
insert into cities(name) values('Нижнекамск')/
insert into cities(name) values('Нижний Новгород')/
insert into cities(name) values('Нижний Тагил')/
insert into cities(name) values('Новоалтайск')/
insert into cities(name) values('Новокузнецк')/
insert into cities(name) values('Новокуйбышевск')/
insert into cities(name) values('Новомосковск')/
insert into cities(name) values('Новороссийск')/
insert into cities(name) values('Новосибирск')/
insert into cities(name) values('Новотроицк')/
insert into cities(name) values('Новоуральск')/
insert into cities(name) values('Новочебоксарск')/
insert into cities(name) values('Новочеркасск')/
insert into cities(name) values('Новошахтинск')/
insert into cities(name) values('Новый Уренгой')/
insert into cities(name) values('Ногинск')/
insert into cities(name) values('Норильск')/
insert into cities(name) values('Ноябрьск')/
insert into cities(name) values('Нягань')/
insert into cities(name) values('Обнинск')/
insert into cities(name) values('Одинцово')/
insert into cities(name) values('Озерск (Челябинская область)')/
insert into cities(name) values('Октябрьский')/
insert into cities(name) values('Омск')/
insert into cities(name) values('Орел')/
insert into cities(name) values('Оренбург')/
insert into cities(name) values('Орехово-Зуево')/
insert into cities(name) values('Орск')/
insert into cities(name) values('Павлово')/
insert into cities(name) values('Павловский Посад')/
insert into cities(name) values('Пенза')/
insert into cities(name) values('Первоуральск')/
insert into cities(name) values('Пермь')/
insert into cities(name) values('Петрозаводск')/
insert into cities(name) values('Петропавловск-Камчатский')/
insert into cities(name) values('Подольск')/
insert into cities(name) values('Полевской')/
insert into cities(name) values('Прокопьевск')/
insert into cities(name) values('Прохладный')/
insert into cities(name) values('Псков')/
insert into cities(name) values('Пушкино')/
insert into cities(name) values('Пятигорск')/
insert into cities(name) values('Раменское')/
insert into cities(name) values('Ревда')/
insert into cities(name) values('Реутов')/
insert into cities(name) values('Ржев')/
insert into cities(name) values('Рославль')/
insert into cities(name) values('Россошь')/
insert into cities(name) values('Ростов-на-Дону')/
insert into cities(name) values('Рубцовск')/
insert into cities(name) values('Рыбинск')/
insert into cities(name) values('Рязань')/
insert into cities(name) values('Салават')/
insert into cities(name) values('Сальск')/
insert into cities(name) values('Самара')/
insert into cities(name) values('Санкт-Петербург')/
insert into cities(name) values('Саранск')/
insert into cities(name) values('Сарапул')/
insert into cities(name) values('Саратов')/
insert into cities(name) values('Саров')/
insert into cities(name) values('Свободный')/
insert into cities(name) values('Севастополь')/
insert into cities(name) values('Северодвинск')/
insert into cities(name) values('Северск')/
insert into cities(name) values('Сергиев Посад')/
insert into cities(name) values('Серов')/
insert into cities(name) values('Серпухов')/
insert into cities(name) values('Сертолово')/
insert into cities(name) values('Сибай')/
insert into cities(name) values('Симферополь')/
insert into cities(name) values('Славянск-на-Кубани')/
insert into cities(name) values('Смоленск')/
insert into cities(name) values('Соликамск')/
insert into cities(name) values('Солнечногорск')/
insert into cities(name) values('Сосновый Бор')/
insert into cities(name) values('Сочи')/
insert into cities(name) values('Ставрополь')/
insert into cities(name) values('Старый Оскол')/
insert into cities(name) values('Стерлитамак')/
insert into cities(name) values('Ступино')/
insert into cities(name) values('Сургут')/
insert into cities(name) values('Сызрань')/
insert into cities(name) values('Сыктывкар')/
insert into cities(name) values('Таганрог')/
insert into cities(name) values('Тамбов')/
insert into cities(name) values('Тверь')/
insert into cities(name) values('Тимашевск')/
insert into cities(name) values('Тихвин')/
insert into cities(name) values('Тихорецк')/
insert into cities(name) values('Тобольск')/
insert into cities(name) values('Тольятти')/
insert into cities(name) values('Томск')/
insert into cities(name) values('Троицк')/
insert into cities(name) values('Туапсе')/
insert into cities(name) values('Туймазы')/
insert into cities(name) values('Тула')/
insert into cities(name) values('Тюмень')/
insert into cities(name) values('Узловая')/
insert into cities(name) values('Улан-Удэ')/
insert into cities(name) values('Ульяновск')/
insert into cities(name) values('Урус-Мартан')/
insert into cities(name) values('Усолье-Сибирское')/
insert into cities(name) values('Уссурийск')/
insert into cities(name) values('Усть-Илимск')/
insert into cities(name) values('Уфа')/
insert into cities(name) values('Ухта')/
insert into cities(name) values('Феодосия')/
insert into cities(name) values('Фрязино')/
insert into cities(name) values('Хабаровск')/
insert into cities(name) values('Ханты-Мансийск')/
insert into cities(name) values('Хасавюрт')/
insert into cities(name) values('Химки')/
insert into cities(name) values('Чайковский')/
insert into cities(name) values('Чапаевск')/
insert into cities(name) values('Чебоксары')/
insert into cities(name) values('Челябинск')/
insert into cities(name) values('Черемхово')/
insert into cities(name) values('Череповец')/
insert into cities(name) values('Черкесск')/
insert into cities(name) values('Черногорск')/
insert into cities(name) values('Чехов')/
insert into cities(name) values('Чистополь')/
insert into cities(name) values('Чита')/
insert into cities(name) values('Шадринск')/
insert into cities(name) values('Шали')/
insert into cities(name) values('Шахты')/
insert into cities(name) values('Шуя')/
insert into cities(name) values('Щекино')/
insert into cities(name) values('Щелково')/
insert into cities(name) values('Электросталь')/
insert into cities(name) values('Элиста')/
insert into cities(name) values('Энгельс')/
insert into cities(name) values('Южно-Сахалинск')/
insert into cities(name) values('Юрга')/
insert into cities(name) values('Якутск')/
insert into cities(name) values('Ялта')/
insert into cities(name) values('Ярославль')/